{"meta":{"last_updated_utc":"2025-12-15T20:09:03Z","source_notes":{"DRCCLACBS_pct":"FRED DRCCLACBS (quarterly, %)","CORCCACBS_pct":"FRED CORCCACBS (quarterly, %)","JTSJOL_mil":"FRED JTSJOL (monthly, millions; converted from thousands)","REVOLSL_bil_usd":"FRED REVOLSL (monthly, $ billions; converted from millions)"}},"data":[{"date":"2013-10-01","DRCCLACBS_pct":2.38,"CORCCACBS_pct":3.37,"JTSJOL_mil":4.222,"REVOLSL_bil_usd":856.96462},{"date":"2013-11-01","DRCCLACBS_pct":null,"CORCCACBS_pct":null,"JTSJOL_mil":4.119,"REVOLSL_bil_usd":852.43984},{"date":"2013-12-01","DRCCLACBS_pct":null,"CORCCACBS_pct":null,"JTSJOL_mil":4.121,"REVOLSL_bil_usd":854.1388000000001},{"date":"2014-01-01","DRCCLACBS_pct":2.32,"CORCCACBS_pct":3.24,"JTSJOL_mil":4.127,"REVOLSL_bil_usd":860.89656},{"date":"2014-02-01","DRCCLACBS_pct":null,"CORCCACBS_pct":null,"JTSJOL_mil":4.373,"REVOLSL_bil_usd":866.6976500000001},{"date":"2014-03-01","DRCCLACBS_pct":null,"CORCCACBS_pct":null,"JTSJOL_mil":4.388,"REVOLSL_bil_usd":868.75338},{"date":"2014-04-01","DRCCLACBS_pct":2.26,"CORCCACBS_pct":3.31,"JTSJOL_mil":4.566,"REVOLSL_bil_usd":875.0864499999999},{"date":"2014-05-01","DRCCLACBS_pct":null,"CORCCACBS_pct":null,"JTSJOL_mil":4.747,"REVOLSL_bil_usd":878.5551899999999},{"date":"2014-06-01","DRCCLACBS_pct":null,"CORCCACBS_pct":null,"JTSJOL_mil":4.982,"REVOLSL_bil_usd":878.41509},{"date":"2014-07-01","DRCCLACBS_pct":2.2,"CORCCACBS_pct":3.07,"JTSJOL_mil":4.846,"REVOLSL_bil_usd":884.17175},{"date":"2014-08-01","DRCCLACBS_pct":null,"CORCCACBS_pct":null,"JTSJOL_mil":5.349,"REVOLSL_bil_usd":886.13352},{"date":"2014-09-01","DRCCLACBS_pct":null,"CORCCACBS_pct":null,"JTSJOL_mil":4.914,"REVOLSL_bil_usd":887.1691500000001},{"date":"2014-10-01","DRCCLACBS_pct":2.15,"CORCCACBS_pct":3.01,"JTSJOL_mil":5.012,"REVOLSL_bil_usd":889.79843},{"date":"2014-11-01","DRCCLACBS_pct":null,"CORCCACBS_pct":null,"JTSJOL_mil":4.843,"REVOLSL_bil_usd":882.17375},{"date":"2014-12-01","DRCCLACBS_pct":null,"CORCCACBS_pct":null,"JTSJOL_mil":5.13,"REVOLSL_bil_usd":887.3816400000001},{"date":"2015-01-01","DRCCLACBS_pct":2.11,"CORCCACBS_pct":2.94,"JTSJOL_mil":5.344,"REVOLSL_bil_usd":881.03359},{"date":"2015-02-01","DRCCLACBS_pct":null,"CORCCACBS_pct":null,"JTSJOL_mil":5.466,"REVOLSL_bil_usd":884.7516400000001},{"date":"2015-03-01","DRCCLACBS_pct":null,"CORCCACBS_pct":null,"JTSJOL_mil":5.21,"REVOLSL_bil_usd":890.77797},{"date":"2015-04-01","DRCCLACBS_pct":2.12,"CORCCACBS_pct":2.91,"JTSJOL_mil":5.598,"REVOLSL_bil_usd":898.60206},{"date":"2015-05-01","DRCCLACBS_pct":null,"CORCCACBS_pct":null,"JTSJOL_mil":5.563,"REVOLSL_bil_usd":900.34245},{"date":"2015-06-01","DRCCLACBS_pct":null,"CORCCACBS_pct":null,"JTSJOL_mil":5.248,"REVOLSL_bil_usd":905.4907},{"date":"2015-07-01","DRCCLACBS_pct":2.15,"CORCCACBS_pct":2.95,"JTSJOL_mil":6.056,"REVOLSL_bil_usd":911.44236},{"date":"2015-08-01","DRCCLACBS_pct":null,"CORCCACBS_pct":null,"JTSJOL_mil":5.467,"REVOLSL_bil_usd":914.59411},{"date":"2015-09-01","DRCCLACBS_pct":null,"CORCCACBS_pct":null,"JTSJOL_mil":5.488,"REVOLSL_bil_usd":920.6988699999999},{"date":"2015-10-01","DRCCLACBS_pct":2.16,"CORCCACBS_pct":2.93,"JTSJOL_mil":5.773,"REVOLSL_bil_usd":921.73124},{"date":"2015-11-01","DRCCLACBS_pct":null,"CORCCACBS_pct":null,"JTSJOL_mil":5.708,"REVOLSL_bil_usd":917.81955},{"date":"2015-12-01","DRCCLACBS_pct":null,"CORCCACBS_pct":null,"JTSJOL_mil":5.845,"REVOLSL_bil_usd":898.0826500000001},{"date":"2016-01-01","DRCCLACBS_pct":2.15,"CORCCACBS_pct":3.04,"JTSJOL_mil":6.012,"REVOLSL_bil_usd":903.59477},{"date":"2016-02-01","DRCCLACBS_pct":null,"CORCCACBS_pct":null,"JTSJOL_mil":5.77,"REVOLSL_bil_usd":907.60418},{"date":"2016-03-01","DRCCLACBS_pct":null,"CORCCACBS_pct":null,"JTSJOL_mil":6.129,"REVOLSL_bil_usd":919.22185},{"date":"2016-04-01","DRCCLACBS_pct":2.21,"CORCCACBS_pct":3.02,"JTSJOL_mil":5.803,"REVOLSL_bil_usd":924.09912},{"date":"2016-05-01","DRCCLACBS_pct":null,"CORCCACBS_pct":null,"JTSJOL_mil":5.777,"REVOLSL_bil_usd":926.98816},{"date":"2016-06-01","DRCCLACBS_pct":null,"CORCCACBS_pct":null,"JTSJOL_mil":5.742,"REVOLSL_bil_usd":934.77098},{"date":"2016-07-01","DRCCLACBS_pct":2.29,"CORCCACBS_pct":3.06,"JTSJOL_mil":5.962,"REVOLSL_bil_usd":940.19276},{"date":"2016-08-01","DRCCLACBS_pct":null,"CORCCACBS_pct":null,"JTSJOL_mil":5.677,"REVOLSL_bil_usd":945.12603},{"date":"2016-09-01","DRCCLACBS_pct":null,"CORCCACBS_pct":null,"JTSJOL_mil":5.868,"REVOLSL_bil_usd":949.0698000000001},{"date":"2016-10-01","DRCCLACBS_pct":2.37,"CORCCACBS_pct":3.49,"JTSJOL_mil":5.591,"REVOLSL_bil_usd":949.9481800000001},{"date":"2016-11-01","DRCCLACBS_pct":null,"CORCCACBS_pct":null,"JTSJOL_mil":5.971,"REVOLSL_bil_usd":954.41547},{"date":"2016-12-01","DRCCLACBS_pct":null,"CORCCACBS_pct":null,"JTSJOL_mil":5.964,"REVOLSL_bil_usd":960.09549},{"date":"2017-01-01","DRCCLACBS_pct":2.4,"CORCCACBS_pct":3.45,"JTSJOL_mil":5.617,"REVOLSL_bil_usd":963.46738},{"date":"2017-02-01","DRCCLACBS_pct":null,"CORCCACBS_pct":null,"JTSJOL_mil":5.923,"REVOLSL_bil_usd":969.3208199999999},{"date":"2017-03-01","DRCCLACBS_pct":null,"CORCCACBS_pct":null,"JTSJOL_mil":5.811,"REVOLSL_bil_usd":973.86013},{"date":"2017-04-01","DRCCLACBS_pct":2.49,"CORCCACBS_pct":3.51,"JTSJOL_mil":6.091,"REVOLSL_bil_usd":976.39593},{"date":"2017-05-01","DRCCLACBS_pct":null,"CORCCACBS_pct":null,"JTSJOL_mil":5.826,"REVOLSL_bil_usd":980.8099},{"date":"2017-06-01","DRCCLACBS_pct":null,"CORCCACBS_pct":null,"JTSJOL_mil":6.305,"REVOLSL_bil_usd":984.95536},{"date":"2017-07-01","DRCCLACBS_pct":2.54,"CORCCACBS_pct":3.59,"JTSJOL_mil":6.238,"REVOLSL_bil_usd":987.54657},{"date":"2017-08-01","DRCCLACBS_pct":null,"CORCCACBS_pct":null,"JTSJOL_mil":6.276,"REVOLSL_bil_usd":992.08483},{"date":"2017-09-01","DRCCLACBS_pct":null,"CORCCACBS_pct":null,"JTSJOL_mil":6.32,"REVOLSL_bil_usd":997.79958},{"date":"2017-10-01","DRCCLACBS_pct":2.48,"CORCCACBS_pct":3.7,"JTSJOL_mil":6.408,"REVOLSL_bil_usd":1006.22868},{"date":"2017-11-01","DRCCLACBS_pct":null,"CORCCACBS_pct":null,"JTSJOL_mil":6.271,"REVOLSL_bil_usd":1012.31689},{"date":"2017-12-01","DRCCLACBS_pct":null,"CORCCACBS_pct":null,"JTSJOL_mil":6.336,"REVOLSL_bil_usd":1016.8066},{"date":"2018-01-01","DRCCLACBS_pct":2.5,"CORCCACBS_pct":3.65,"JTSJOL_mil":6.621,"REVOLSL_bil_usd":1022.731},{"date":"2018-02-01","DRCCLACBS_pct":null,"CORCCACBS_pct":null,"JTSJOL_mil":6.552,"REVOLSL_bil_usd":1024.98099},{"date":"2018-03-01","DRCCLACBS_pct":null,"CORCCACBS_pct":null,"JTSJOL_mil":6.818,"REVOLSL_bil_usd":1028.8174},{"date":"2018-04-01","DRCCLACBS_pct":2.5,"CORCCACBS_pct":3.58,"JTSJOL_mil":6.877,"REVOLSL_bil_usd":1024.65662},{"date":"2018-05-01","DRCCLACBS_pct":null,"CORCCACBS_pct":null,"JTSJOL_mil":7.016,"REVOLSL_bil_usd":1027.72428},{"date":"2018-06-01","DRCCLACBS_pct":null,"CORCCACBS_pct":null,"JTSJOL_mil":7.23,"REVOLSL_bil_usd":1025.34559},{"date":"2018-07-01","DRCCLACBS_pct":2.52,"CORCCACBS_pct":3.69,"JTSJOL_mil":7.19,"REVOLSL_bil_usd":1035.33756},{"date":"2018-08-01","DRCCLACBS_pct":null,"CORCCACBS_pct":null,"JTSJOL_mil":7.208,"REVOLSL_bil_usd":1042.01405},{"date":"2018-09-01","DRCCLACBS_pct":null,"CORCCACBS_pct":null,"JTSJOL_mil":7.411,"REVOLSL_bil_usd":1043.90127},{"date":"2018-10-01","DRCCLACBS_pct":2.54,"CORCCACBS_pct":3.67,"JTSJOL_mil":7.304,"REVOLSL_bil_usd":1050.36636},{"date":"2018-11-01","DRCCLACBS_pct":null,"CORCCACBS_pct":null,"JTSJOL_mil":7.594,"REVOLSL_bil_usd":1052.54516},{"date":"2018-12-01","DRCCLACBS_pct":null,"CORCCACBS_pct":null,"JTSJOL_mil":7.489,"REVOLSL_bil_usd":1053.84744},{"date":"2019-01-01","DRCCLACBS_pct":2.54,"CORCCACBS_pct":3.68,"JTSJOL_mil":7.502,"REVOLSL_bil_usd":1061.02663},{"date":"2019-02-01","DRCCLACBS_pct":null,"CORCCACBS_pct":null,"JTSJOL_mil":7.066,"REVOLSL_bil_usd":1063.37627},{"date":"2019-03-01","DRCCLACBS_pct":null,"CORCCACBS_pct":null,"JTSJOL_mil":7.317,"REVOLSL_bil_usd":1064.35425},{"date":"2019-04-01","DRCCLACBS_pct":2.59,"CORCCACBS_pct":3.64,"JTSJOL_mil":7.272,"REVOLSL_bil_usd":1070.71469},{"date":"2019-05-01","DRCCLACBS_pct":null,"CORCCACBS_pct":null,"JTSJOL_mil":7.275,"REVOLSL_bil_usd":1073.80225},{"date":"2019-06-01","DRCCLACBS_pct":null,"CORCCACBS_pct":null,"JTSJOL_mil":7.194,"REVOLSL_bil_usd":1071.55207},{"date":"2019-07-01","DRCCLACBS_pct":2.6,"CORCCACBS_pct":3.74,"JTSJOL_mil":7.042,"REVOLSL_bil_usd":1082.45683},{"date":"2019-08-01","DRCCLACBS_pct":null,"CORCCACBS_pct":null,"JTSJOL_mil":7.178,"REVOLSL_bil_usd":1084.00001},{"date":"2019-09-01","DRCCLACBS_pct":null,"CORCCACBS_pct":null,"JTSJOL_mil":7.124,"REVOLSL_bil_usd":1084.19},{"date":"2019-10-01","DRCCLACBS_pct":2.61,"CORCCACBS_pct":3.78,"JTSJOL_mil":7.289,"REVOLSL_bil_usd":1087.31472},{"date":"2019-11-01","DRCCLACBS_pct":null,"CORCCACBS_pct":null,"JTSJOL_mil":6.888,"REVOLSL_bil_usd":1077.37627},{"date":"2019-12-01","DRCCLACBS_pct":null,"CORCCACBS_pct":null,"JTSJOL_mil":6.699,"REVOLSL_bil_usd":1091.98888},{"date":"2020-01-01","DRCCLACBS_pct":2.69,"CORCCACBS_pct":3.72,"JTSJOL_mil":7.124,"REVOLSL_bil_usd":1076.35779},{"date":"2020-02-01","DRCCLACBS_pct":null,"CORCCACBS_pct":null,"JTSJOL_mil":6.966,"REVOLSL_bil_usd":1081.95819},{"date":"2020-03-01","DRCCLACBS_pct":null,"CORCCACBS_pct":null,"JTSJOL_mil":5.894,"REVOLSL_bil_usd":1064.0825},{"date":"2020-04-01","DRCCLACBS_pct":2.45,"CORCCACBS_pct":3.78,"JTSJOL_mil":4.606,"REVOLSL_bil_usd":1006.62791},{"date":"2020-05-01","DRCCLACBS_pct":null,"CORCCACBS_pct":null,"JTSJOL_mil":5.612,"REVOLSL_bil_usd":981.2482},{"date":"2020-06-01","DRCCLACBS_pct":null,"CORCCACBS_pct":null,"JTSJOL_mil":6.129,"REVOLSL_bil_usd":973.89996},{"date":"2020-07-01","DRCCLACBS_pct":1.99,"CORCCACBS_pct":3.6,"JTSJOL_mil":6.53,"REVOLSL_bil_usd":971.2787},{"date":"2020-08-01","DRCCLACBS_pct":null,"CORCCACBS_pct":null,"JTSJOL_mil":6.429,"REVOLSL_bil_usd":961.50924},{"date":"2020-09-01","DRCCLACBS_pct":null,"CORCCACBS_pct":null,"JTSJOL_mil":6.511,"REVOLSL_bil_usd":964.46442},{"date":"2020-10-01","DRCCLACBS_pct":2.1,"CORCCACBS_pct":2.68,"JTSJOL_mil":6.798,"REVOLSL_bil_usd":961.0741800000001},{"date":"2020-11-01","DRCCLACBS_pct":null,"CORCCACBS_pct":null,"JTSJOL_mil":6.82,"REVOLSL_bil_usd":953.30686},{"date":"2020-12-01","DRCCLACBS_pct":null,"CORCCACBS_pct":null,"JTSJOL_mil":6.773,"REVOLSL_bil_usd":954.60343},{"date":"2021-01-01","DRCCLACBS_pct":1.88,"CORCCACBS_pct":2.81,"JTSJOL_mil":7.204,"REVOLSL_bil_usd":951.79091},{"date":"2021-02-01","DRCCLACBS_pct":null,"CORCCACBS_pct":null,"JTSJOL_mil":7.752,"REVOLSL_bil_usd":955.87265},{"date":"2021-03-01","DRCCLACBS_pct":null,"CORCCACBS_pct":null,"JTSJOL_mil":8.47,"REVOLSL_bil_usd":954.2674000000001},{"date":"2021-04-01","DRCCLACBS_pct":1.59,"CORCCACBS_pct":2.39,"JTSJOL_mil":9.356,"REVOLSL_bil_usd":953.94877},{"date":"2021-05-01","DRCCLACBS_pct":null,"CORCCACBS_pct":null,"JTSJOL_mil":9.905,"REVOLSL_bil_usd":961.47141},{"date":"2021-06-01","DRCCLACBS_pct":null,"CORCCACBS_pct":null,"JTSJOL_mil":10.298,"REVOLSL_bil_usd":986.1222700000001},{"date":"2021-07-01","DRCCLACBS_pct":1.53,"CORCCACBS_pct":1.8,"JTSJOL_mil":11.049,"REVOLSL_bil_usd":990.64376},{"date":"2021-08-01","DRCCLACBS_pct":null,"CORCCACBS_pct":null,"JTSJOL_mil":10.956,"REVOLSL_bil_usd":994.0012800000001},{"date":"2021-09-01","DRCCLACBS_pct":null,"CORCCACBS_pct":null,"JTSJOL_mil":10.879,"REVOLSL_bil_usd":1005.33286},{"date":"2021-10-01","DRCCLACBS_pct":1.57,"CORCCACBS_pct":1.63,"JTSJOL_mil":11.341,"REVOLSL_bil_usd":1013.37301},{"date":"2021-11-01","DRCCLACBS_pct":null,"CORCCACBS_pct":null,"JTSJOL_mil":11.119,"REVOLSL_bil_usd":1025.88627},{"date":"2021-12-01","DRCCLACBS_pct":null,"CORCCACBS_pct":null,"JTSJOL_mil":11.417,"REVOLSL_bil_usd":1033.54693},{"date":"2022-01-01","DRCCLACBS_pct":1.69,"CORCCACBS_pct":1.73,"JTSJOL_mil":11.238,"REVOLSL_bil_usd":1043.73238},{"date":"2022-02-01","DRCCLACBS_pct":null,"CORCCACBS_pct":null,"JTSJOL_mil":11.661,"REVOLSL_bil_usd":1055.21113},{"date":"2022-03-01","DRCCLACBS_pct":null,"CORCCACBS_pct":null,"JTSJOL_mil":12.134,"REVOLSL_bil_usd":1079.32943},{"date":"2022-04-01","DRCCLACBS_pct":1.83,"CORCCACBS_pct":1.86,"JTSJOL_mil":11.881,"REVOLSL_bil_usd":1092.96986},{"date":"2022-05-01","DRCCLACBS_pct":null,"CORCCACBS_pct":null,"JTSJOL_mil":11.483,"REVOLSL_bil_usd":1101.40535},{"date":"2022-06-01","DRCCLACBS_pct":null,"CORCCACBS_pct":null,"JTSJOL_mil":11.256,"REVOLSL_bil_usd":1120.58097},{"date":"2022-07-01","DRCCLACBS_pct":2.05,"CORCCACBS_pct":2.1,"JTSJOL_mil":11.61,"REVOLSL_bil_usd":1130.23219},{"date":"2022-08-01","DRCCLACBS_pct":null,"CORCCACBS_pct":null,"JTSJOL_mil":10.148,"REVOLSL_bil_usd":1144.55923},{"date":"2022-09-01","DRCCLACBS_pct":null,"CORCCACBS_pct":null,"JTSJOL_mil":10.812,"REVOLSL_bil_usd":1154.88025},{"date":"2022-10-01","DRCCLACBS_pct":2.26,"CORCCACBS_pct":2.51,"JTSJOL_mil":10.488,"REVOLSL_bil_usd":1166.45012},{"date":"2022-11-01","DRCCLACBS_pct":null,"CORCCACBS_pct":null,"JTSJOL_mil":10.619,"REVOLSL_bil_usd":1182.56052},{"date":"2022-12-01","DRCCLACBS_pct":null,"CORCCACBS_pct":null,"JTSJOL_mil":10.876,"REVOLSL_bil_usd":1192.6397},{"date":"2023-01-01","DRCCLACBS_pct":2.47,"CORCCACBS_pct":2.86,"JTSJOL_mil":10.393,"REVOLSL_bil_usd":1200.98821},{"date":"2023-02-01","DRCCLACBS_pct":null,"CORCCACBS_pct":null,"JTSJOL_mil":9.846,"REVOLSL_bil_usd":1205.24471},{"date":"2023-03-01","DRCCLACBS_pct":null,"CORCCACBS_pct":null,"JTSJOL_mil":9.572,"REVOLSL_bil_usd":1222.5168},{"date":"2023-04-01","DRCCLACBS_pct":2.75,"CORCCACBS_pct":3.23,"JTSJOL_mil":9.992,"REVOLSL_bil_usd":1234.45779},{"date":"2023-05-01","DRCCLACBS_pct":null,"CORCCACBS_pct":null,"JTSJOL_mil":9.31,"REVOLSL_bil_usd":1241.8821},{"date":"2023-06-01","DRCCLACBS_pct":null,"CORCCACBS_pct":null,"JTSJOL_mil":9.191,"REVOLSL_bil_usd":1247.75293},{"date":"2023-07-01","DRCCLACBS_pct":2.94,"CORCCACBS_pct":3.76,"JTSJOL_mil":8.606,"REVOLSL_bil_usd":1256.25738},{"date":"2023-08-01","DRCCLACBS_pct":null,"CORCCACBS_pct":null,"JTSJOL_mil":9.287,"REVOLSL_bil_usd":1270.86698},{"date":"2023-09-01","DRCCLACBS_pct":null,"CORCCACBS_pct":null,"JTSJOL_mil":9.279,"REVOLSL_bil_usd":1276.9451},{"date":"2023-10-01","DRCCLACBS_pct":3.1,"CORCCACBS_pct":4.19,"JTSJOL_mil":8.55,"REVOLSL_bil_usd":1280.71935},{"date":"2023-11-01","DRCCLACBS_pct":null,"CORCCACBS_pct":null,"JTSJOL_mil":8.663,"REVOLSL_bil_usd":1299.36355},{"date":"2023-12-01","DRCCLACBS_pct":null,"CORCCACBS_pct":null,"JTSJOL_mil":8.585,"REVOLSL_bil_usd":1298.86588},{"date":"2024-01-01","DRCCLACBS_pct":3.17,"CORCCACBS_pct":4.4,"JTSJOL_mil":8.468,"REVOLSL_bil_usd":1310.03368},{"date":"2024-02-01","DRCCLACBS_pct":null,"CORCCACBS_pct":null,"JTSJOL_mil":8.445,"REVOLSL_bil_usd":1320.17267},{"date":"2024-03-01","DRCCLACBS_pct":null,"CORCCACBS_pct":null,"JTSJOL_mil":8.093,"REVOLSL_bil_usd":1322.15683},{"date":"2024-04-01","DRCCLACBS_pct":3.22,"CORCCACBS_pct":4.56,"JTSJOL_mil":7.619,"REVOLSL_bil_usd":1324.87593},{"date":"2024-05-01","DRCCLACBS_pct":null,"CORCCACBS_pct":null,"JTSJOL_mil":7.901,"REVOLSL_bil_usd":1331.66385},{"date":"2024-06-01","DRCCLACBS_pct":null,"CORCCACBS_pct":null,"JTSJOL_mil":7.412,"REVOLSL_bil_usd":1330.64556},{"date":"2024-07-01","DRCCLACBS_pct":3.19,"CORCCACBS_pct":4.68,"JTSJOL_mil":7.504,"REVOLSL_bil_usd":1338.29047},{"date":"2024-08-01","DRCCLACBS_pct":null,"CORCCACBS_pct":null,"JTSJOL_mil":7.649,"REVOLSL_bil_usd":1338.71684},{"date":"2024-09-01","DRCCLACBS_pct":null,"CORCCACBS_pct":null,"JTSJOL_mil":7.103,"REVOLSL_bil_usd":1341.18202},{"date":"2024-10-01","DRCCLACBS_pct":3.09,"CORCCACBS_pct":4.59,"JTSJOL_mil":7.615,"REVOLSL_bil_usd":1350.29953},{"date":"2024-11-01","DRCCLACBS_pct":null,"CORCCACBS_pct":null,"JTSJOL_mil":8.031,"REVOLSL_bil_usd":1339.07622},{"date":"2024-12-01","DRCCLACBS_pct":null,"CORCCACBS_pct":null,"JTSJOL_mil":7.508,"REVOLSL_bil_usd":1296.9656},{"date":"2025-01-01","DRCCLACBS_pct":3.06,"CORCCACBS_pct":4.43,"JTSJOL_mil":7.762,"REVOLSL_bil_usd":1304.25672},{"date":"2025-02-01","DRCCLACBS_pct":null,"CORCCACBS_pct":null,"JTSJOL_mil":7.48,"REVOLSL_bil_usd":1305.49061},{"date":"2025-03-01","DRCCLACBS_pct":null,"CORCCACBS_pct":null,"JTSJOL_mil":7.2,"REVOLSL_bil_usd":1294.47441},{"date":"2025-04-01","DRCCLACBS_pct":3.04,"CORCCACBS_pct":4.18,"JTSJOL_mil":7.395,"REVOLSL_bil_usd":1301.50181},{"date":"2025-05-01","DRCCLACBS_pct":null,"CORCCACBS_pct":null,"JTSJOL_mil":7.712,"REVOLSL_bil_usd":1300.22779},{"date":"2025-06-01","DRCCLACBS_pct":null,"CORCCACBS_pct":null,"JTSJOL_mil":7.357,"REVOLSL_bil_usd":1300.31803},{"date":"2025-07-01","DRCCLACBS_pct":2.98,"CORCCACBS_pct":4.17,"JTSJOL_mil":7.208,"REVOLSL_bil_usd":1311.38225},{"date":"2025-08-01","DRCCLACBS_pct":null,"CORCCACBS_pct":null,"JTSJOL_mil":7.227,"REVOLSL_bil_usd":1307.06995},{"date":"2025-09-01","DRCCLACBS_pct":null,"CORCCACBS_pct":null,"JTSJOL_mil":7.658,"REVOLSL_bil_usd":1311.37414},{"date":"2025-10-01","DRCCLACBS_pct":null,"CORCCACBS_pct":null,"JTSJOL_mil":7.67,"REVOLSL_bil_usd":1316.78092}]}